INSERT INTO price (product_id, valid_from, valid_to, currency, value)
VALUES (1, '2020-01-01T00:00:00', '2022-12-31T23:59:59', 'EUR', 19.99);
INSERT INTO price (product_id, valid_from, valid_to, currency, value)
VALUES (1, '2019-01-01T00:00:00', '2019-12-31T23:59:59', 'USD', 25.99);
INSERT INTO price (product_id, valid_from, valid_to, currency, value)
VALUES (2, '2020-01-01T00:00:00', '2020-12-31T23:59:59', 'EUR', 19.99);
INSERT INTO price (product_id, valid_from, valid_to, currency, value)
VALUES (2, '2019-01-01T00:00:00', '2019-12-31T23:59:59', 'EUR', 25.99);
INSERT INTO price (product_id, valid_from, valid_to, currency, value)
VALUES (3, '2020-01-01T00:00:00', '2022-12-31T23:59:59', 'USD', 19.99);
INSERT INTO price (product_id, valid_from, valid_to, currency, value)
VALUES (3, '2019-01-01T00:00:00', '2019-12-31T23:59:59', 'EUR', 25.99);
INSERT INTO price (product_id, valid_from, valid_to, currency, value)
VALUES (4, '2020-01-01T00:00:00', '2020-12-31T23:59:59', 'EUR', 19.99);
INSERT INTO price (product_id, valid_from, valid_to, currency, value)
VALUES (4, '2019-01-01T00:00:00', '2019-12-31T23:59:59', 'EUR', 25.99);
INSERT INTO price (product_id, valid_from, valid_to, currency, value)
VALUES (5, '2020-01-01T00:00:00', '2022-12-31T23:59:59', 'EUR', 19.99);
INSERT INTO price (product_id, valid_from, valid_to, currency, value)
VALUES (5, '2019-01-01T00:00:00', '2019-12-31T23:59:59', 'USD', 25.99);
INSERT INTO price (product_id, valid_from, valid_to, currency, value)
VALUES (6, '2020-01-01T00:00:00', '2020-12-31T23:59:59', 'EUR', 19.99);
INSERT INTO price (product_id, valid_from, valid_to, currency, value)
VALUES (6, '2019-01-01T00:00:00', '2019-12-31T23:59:59', 'EUR', 25.99);
INSERT INTO price (product_id, valid_from, valid_to, currency, value)
VALUES (7, '2020-01-01T00:00:00', '2022-12-31T23:59:59', 'EUR', 19.99);
INSERT INTO price (product_id, valid_from, valid_to, currency, value)
VALUES (7, '2019-01-01T00:00:00', '2019-12-31T23:59:59', 'USD', 25.99);
INSERT INTO price (product_id, valid_from, valid_to, currency, value)
VALUES (8, '2020-01-01T00:00:00', '2020-12-31T23:59:59', 'EUR', 19.99);
INSERT INTO price (product_id, valid_from, valid_to, currency, value)
VALUES (8, '2019-01-01T00:00:00', '2019-12-31T23:59:59', 'EUR', 25.99);
INSERT INTO price (product_id, valid_from, valid_to, currency, value)
VALUES (9, '2020-01-01T00:00:00', '2022-12-31T23:59:59', 'EUR', 19.99);
INSERT INTO price (product_id, valid_from, valid_to, currency, value)
VALUES (9, '2019-01-01T00:00:00', '2019-12-31T23:59:59', 'USD', 25.99);
INSERT INTO price (product_id, valid_from, valid_to, currency, value)
VALUES (10, '2020-01-01T00:00:00', '2020-12-31T23:59:59', 'EUR', 19.99);
INSERT INTO price (product_id, valid_from, valid_to, currency, value)
VALUES (10, '2019-01-01T00:00:00', '2019-12-31T23:59:59', 'EUR', 25.99);
INSERT INTO price (product_id, valid_from, valid_to, currency, value)
VALUES (11, '2020-01-01T00:00:00', '2022-12-31T23:59:59', 'EUR', 19.99);
INSERT INTO price (product_id, valid_from, valid_to, currency, value)
VALUES (11, '2019-01-01T00:00:00', '2019-12-31T23:59:59', 'EUR', 25.99);
INSERT INTO price (product_id, valid_from, valid_to, currency, value)
VALUES (12, '2020-01-01T00:00:00', '2020-12-31T23:59:59', 'EUR', 19.99);
INSERT INTO price (product_id, valid_from, valid_to, currency, value)
VALUES (12, '2019-01-01T00:00:00', '2019-12-31T23:59:59', 'USD', 25.99);
INSERT INTO price (product_id, valid_from, valid_to, currency, value)
VALUES (13, '2020-01-01T00:00:00', '2022-12-31T23:59:59', 'EUR', 19.99);
INSERT INTO price (product_id, valid_from, valid_to, currency, value)
VALUES (13, '2019-01-01T00:00:00', '2019-12-31T23:59:59', 'EUR', 25.99);
INSERT INTO price (product_id, valid_from, valid_to, currency, value)
VALUES (14, '2020-01-01T00:00:00', '2020-12-31T23:59:59', 'EUR', 19.99);
INSERT INTO price (product_id, valid_from, valid_to, currency, value)
VALUES (15, '2019-01-01T00:00:00', '2019-12-31T23:59:59', 'EUR', 25.99);
INSERT INTO price (product_id, valid_from, valid_to, currency, value)
VALUES (15, '2020-01-01T00:00:00', '2020-12-31T23:59:59', 'EUR', 19.99);
INSERT INTO price (product_id, valid_from, valid_to, currency, value)
VALUES (16, '2019-01-01T00:00:00', '2019-12-31T23:59:59', 'EUR', 25.99);
INSERT INTO price (product_id, valid_from, valid_to, currency, value)
VALUES (16, '2020-01-01T00:00:00', '2022-12-31T23:59:59', 'EUR', 19.99);
INSERT INTO price (product_id, valid_from, valid_to, currency, value)
VALUES (17, '2019-01-01T00:00:00', '2019-12-31T23:59:59', 'EUR', 25.99);
INSERT INTO price (product_id, valid_from, valid_to, currency, value)
VALUES (17, '2020-01-01T00:00:00', '2020-12-31T23:59:59', 'USD', 19.99);
INSERT INTO price (product_id, valid_from, valid_to, currency, value)
VALUES (18, '2019-01-01T00:00:00', '2019-12-31T23:59:59', 'USD', 25.99);
INSERT INTO price (product_id, valid_from, valid_to, currency, value)
VALUES (18, '2020-01-01T00:00:00', '2022-12-31T23:59:59', 'EUR', 19.99);
INSERT INTO price (product_id, valid_from, valid_to, currency, value)
VALUES (19, '2019-01-01T00:00:00', '2019-12-31T23:59:59', 'EUR', 25.99);
INSERT INTO price (product_id, valid_from, valid_to, currency, value)
VALUES (19, '2020-01-01T00:00:00', '2020-12-31T23:59:59', 'EUR', 19.99);
INSERT INTO price (product_id, valid_from, valid_to, currency, value)
VALUES (20, '2019-01-01T00:00:00', '2019-12-31T23:59:59', 'EUR', 19.99);

INSERT INTO purchase(customer_id, payment_type)
VALUES (1, 'CASH');
INSERT INTO purchase(customer_id, payment_type)
VALUES (2, 'DEBIT_CARD');
INSERT INTO purchase(customer_id, payment_type)
VALUES (3, 'CASH');
INSERT INTO purchase(customer_id, payment_type)
VALUES (4, 'CASH');
INSERT INTO purchase(customer_id, payment_type)
VALUES (5, 'INVOICE');
INSERT INTO purchase(customer_id, payment_type)
VALUES (6, 'DEBIT_CARD');
INSERT INTO purchase(customer_id, payment_type)
VALUES (7, 'CASH');
INSERT INTO purchase(customer_id, payment_type)
VALUES (8, 'CASH');
INSERT INTO purchase(customer_id, payment_type)
VALUES (9, 'CASH');
INSERT INTO purchase(customer_id, payment_type)
VALUES (10, 'DEBIT_CARD');
INSERT INTO purchase(customer_id, payment_type)
VALUES (11, 'CASH');
INSERT INTO purchase(customer_id, payment_type)
VALUES (12, 'INVOICE');
INSERT INTO purchase(customer_id, payment_type)
VALUES (13, 'DEBIT_CARD');
INSERT INTO purchase(customer_id, payment_type)
VALUES (14, 'CASH');
INSERT INTO purchase(customer_id, payment_type)
VALUES (15, 'CASH');
INSERT INTO purchase(customer_id, payment_type)
VALUES (16, 'DEBIT_CARD');
INSERT INTO purchase(customer_id, payment_type)
VALUES (17, 'INVOICE');
INSERT INTO purchase(customer_id, payment_type)
VALUES (18, 'INVOICE');
INSERT INTO purchase(customer_id, payment_type)
VALUES (19, 'DEBIT_CARD');
INSERT INTO purchase(customer_id, payment_type)
VALUES (20, 'CASH');

INSERT INTO purchase_item (amount, currency, price_per_unit, product_id, purchase_id) VALUES ( 3, 'EUR', 19.99, 1, 1 );
INSERT INTO purchase_item (amount, currency, price_per_unit, product_id, purchase_id) VALUES ( 2, 'EUR', 25.99, 2, 2 );
INSERT INTO purchase_item (amount, currency, price_per_unit, product_id, purchase_id) VALUES ( 3, 'EUR', 19.99, 3, 3 );
INSERT INTO purchase_item (amount, currency, price_per_unit, product_id, purchase_id) VALUES ( 2, 'EUR', 25.99, 4, 4 );
INSERT INTO purchase_item (amount, currency, price_per_unit, product_id, purchase_id) VALUES ( 3, 'EUR', 19.99, 5, 5 );
INSERT INTO purchase_item (amount, currency, price_per_unit, product_id, purchase_id) VALUES ( 2, 'EUR', 25.99, 6, 6 );
INSERT INTO purchase_item (amount, currency, price_per_unit, product_id, purchase_id) VALUES ( 3, 'EUR', 19.99, 7, 7 );
INSERT INTO purchase_item (amount, currency, price_per_unit, product_id, purchase_id) VALUES ( 2, 'EUR', 25.99, 8, 8 );
INSERT INTO purchase_item (amount, currency, price_per_unit, product_id, purchase_id) VALUES ( 3, 'EUR', 19.99, 9, 9 );
INSERT INTO purchase_item (amount, currency, price_per_unit, product_id, purchase_id) VALUES ( 2, 'EUR', 25.99, 10, 10 );
INSERT INTO purchase_item (amount, currency, price_per_unit, product_id, purchase_id) VALUES ( 3, 'EUR', 19.99, 11, 11 );
INSERT INTO purchase_item (amount, currency, price_per_unit, product_id, purchase_id) VALUES ( 2, 'EUR', 25.99, 12, 12 );
INSERT INTO purchase_item (amount, currency, price_per_unit, product_id, purchase_id) VALUES ( 3, 'EUR', 19.99, 13, 13 );
INSERT INTO purchase_item (amount, currency, price_per_unit, product_id, purchase_id) VALUES ( 2, 'EUR', 25.99, 14, 14 );
INSERT INTO purchase_item (amount, currency, price_per_unit, product_id, purchase_id) VALUES ( 3, 'EUR', 19.99, 15, 15 );
INSERT INTO purchase_item (amount, currency, price_per_unit, product_id, purchase_id) VALUES ( 2, 'EUR', 25.99, 16, 16 );
INSERT INTO purchase_item (amount, currency, price_per_unit, product_id, purchase_id) VALUES ( 3, 'EUR', 19.99, 17, 17 );
INSERT INTO purchase_item (amount, currency, price_per_unit, product_id, purchase_id) VALUES ( 2, 'EUR', 25.99, 18, 18 );
INSERT INTO purchase_item (amount, currency, price_per_unit, product_id, purchase_id) VALUES ( 3, 'EUR', 19.99, 19, 19 );
INSERT INTO purchase_item (amount, currency, price_per_unit, product_id, purchase_id) VALUES ( 2, 'EUR', 25.99, 20, 20 );